x1,x2,label
-1.698372470327927264e+00,-1.865788742610052342e+00,0.000000000000000000e+00
-1.725628471370699746e+00,-4.643356606078051785e-01,0.000000000000000000e+00
5.927431036389805286e-01,6.311284633789034093e-02,0.000000000000000000e+00
-8.120006929180327848e-01,5.758073717256788626e-01,0.000000000000000000e+00
-5.310873959803603661e-01,-3.129707830345506148e-01,0.000000000000000000e+00
5.895115408189672834e-01,-1.897014694664293510e-01,0.000000000000000000e+00
-1.776953849096637450e+00,-1.608370749799609589e+00,0.000000000000000000e+00
-1.901363723854162302e+00,1.825257126664701635e-01,0.000000000000000000e+00
-5.808073527587087614e-02,-1.704591358840727322e+00,0.000000000000000000e+00
-1.565992601244271754e+00,-1.075701370865588813e-01,0.000000000000000000e+00
-1.451222203443253811e+00,-1.240444356621535738e+00,0.000000000000000000e+00
-2.470690377329382237e+00,-5.223418330308204904e-01,0.000000000000000000e+00
6.775829921717665405e-01,6.051143284540669853e-01,1.000000000000000000e+00
1.357563301864044503e+00,7.222555906936504178e-01,0.000000000000000000e+00
-1.224427405356929288e+00,1.147529590907667707e+00,0.000000000000000000e+00
1.794991303733843413e+00,2.881181017425588076e-01,1.000000000000000000e+00
-8.135155848738671036e-01,2.192148626119857224e-01,0.000000000000000000e+00
-1.163663222260812979e+00,-9.772816637646445370e-01,0.000000000000000000e+00
-4.105191815365801800e-01,-8.093470264725426411e-01,0.000000000000000000e+00
9.234889596868253170e-01,-2.646470853676886892e-02,1.000000000000000000e+00
-5.541860999586878389e-02,1.221240570382861268e+00,0.000000000000000000e+00
-6.297748584585366460e-01,-4.906712591427150327e-01,0.000000000000000000e+00
-1.491817105294120926e-01,-5.644404194190498769e-01,0.000000000000000000e+00
3.296259899249642800e-01,-1.307570948965558699e+00,0.000000000000000000e+00
-5.580884234545147038e-01,-6.898975449063162735e-01,0.000000000000000000e+00
-5.639322149357979264e-01,8.369964733906813947e-01,0.000000000000000000e+00
-2.462994607020754789e-01,1.623250549170716983e+00,0.000000000000000000e+00
8.887540524432155919e-01,2.314508312354262298e-01,0.000000000000000000e+00
-1.241287725555445975e+00,-1.514913178365997481e-01,0.000000000000000000e+00
-1.206793172051885854e+00,-2.276234564972446084e-01,0.000000000000000000e+00
-4.937691037888691792e-01,1.200949274030733288e-01,0.000000000000000000e+00
1.014796633736984699e+00,3.291274659020989035e-01,1.000000000000000000e+00
2.196194787440287621e-01,-9.274057685424628161e-01,0.000000000000000000e+00
5.235505011429591321e-02,1.806000604088799699e+00,1.000000000000000000e+00
-2.011596861688263793e+00,1.098363613498718028e+00,0.000000000000000000e+00
8.384773798185862770e-01,-1.045040696319139650e+00,0.000000000000000000e+00
-8.238939513361736022e-01,-2.172320884172047883e-01,0.000000000000000000e+00
-1.986064755218324596e+00,-2.101367487915159482e-01,0.000000000000000000e+00
-1.128280039245201927e-01,-2.114027340751480910e+00,0.000000000000000000e+00
-4.402586949460068899e-01,-2.938308731979287214e-01,0.000000000000000000e+00
-1.780237911499322312e+00,9.355258584890683293e-01,0.000000000000000000e+00
2.936243763203535639e+00,2.973267494546685819e-01,1.000000000000000000e+00
-6.492711693679006357e-01,-1.224734700838571611e+00,0.000000000000000000e+00
-1.282865043812554617e+00,-7.335404972084801078e-02,0.000000000000000000e+00
-1.989626770109359066e+00,-2.479043535248830477e-01,0.000000000000000000e+00
-2.863665852543657131e+00,1.624428145464418272e+00,0.000000000000000000e+00
-4.236711707966030471e-01,-4.125816320366840206e-01,0.000000000000000000e+00
1.170595552074855439e+00,9.006195806518326741e-01,0.000000000000000000e+00
-2.412498928618194594e+00,3.585783880717338112e-01,0.000000000000000000e+00
-1.211153996024863400e+00,-2.954482696080538151e-01,0.000000000000000000e+00
3.538082553715975465e-01,2.306777472759499403e+00,0.000000000000000000e+00
-1.737211481156529347e+00,4.186265644296802146e-01,0.000000000000000000e+00
-5.292550871496093379e-02,6.357872834958836483e-01,0.000000000000000000e+00
2.129993734552627638e-01,-9.353251945819975877e-01,0.000000000000000000e+00
6.892214871262702935e-01,-2.594121608464591500e+00,0.000000000000000000e+00
-2.436701080184472401e-01,1.386546133746860532e+00,0.000000000000000000e+00
2.146902097447973834e-02,5.583110767951169340e-01,1.000000000000000000e+00
-9.697750712735571099e-01,1.414533228734513592e+00,0.000000000000000000e+00
-4.727107349985426588e-01,-5.658904364293995126e-01,0.000000000000000000e+00
-6.111825606646220654e-01,1.254879273581099575e-01,0.000000000000000000e+00
9.011800012614488153e-01,-5.732458690720614036e-02,0.000000000000000000e+00
-9.867591808732348868e-01,-5.010821458847517507e-01,0.000000000000000000e+00
8.899873735352403781e-01,5.565275848302212447e-01,0.000000000000000000e+00
-1.414543048602475483e+00,-9.206798853256206172e-01,0.000000000000000000e+00
-2.054901560844121455e+00,1.088358655746522574e+00,0.000000000000000000e+00
-1.101957184626336073e+00,2.666617066665495986e-02,0.000000000000000000e+00
8.656612484687116194e-01,-1.563790623110886457e+00,0.000000000000000000e+00
3.018567635640966085e+00,-1.531431634143481102e-01,1.000000000000000000e+00
-3.282930316211444266e-01,-2.564556266845894328e-01,0.000000000000000000e+00
-2.732061922049623948e-01,-6.170535813585920071e-01,0.000000000000000000e+00
-6.758070209923003890e-01,-3.424421958628081075e-01,0.000000000000000000e+00
-3.561371081302056929e+00,-1.381392591782023116e+00,0.000000000000000000e+00
2.397817012685566906e-01,-8.938120614824734966e-02,0.000000000000000000e+00
-1.853862059232935788e+00,8.987855387408976160e-01,0.000000000000000000e+00
-1.399108414064950789e+00,9.349086271208429944e-01,0.000000000000000000e+00
1.214078458526324678e+00,5.756753835809554909e-01,1.000000000000000000e+00
-7.782160219235197962e-01,1.642924680197504372e+00,0.000000000000000000e+00
-1.528074532214884762e+00,3.166987503820293259e-01,0.000000000000000000e+00
5.471293632991376388e-01,-2.469993495057633548e-01,1.000000000000000000e+00
-2.965378660595869853e+00,-6.922406440974904207e-01,0.000000000000000000e+00
1.392641270517692709e-01,-3.906209402178077994e-01,0.000000000000000000e+00
-6.977358260861887818e-02,5.761585108332338834e-01,0.000000000000000000e+00
-1.238878063331253720e+00,5.172635593855882119e-01,0.000000000000000000e+00
-1.775738763133870801e+00,-7.944060635044358429e-03,0.000000000000000000e+00
-4.764765228432932265e-02,1.387022620504011206e-01,0.000000000000000000e+00
-6.144336079587924271e-01,1.257872886505166488e+00,0.000000000000000000e+00
-1.109830788553200387e+00,1.043123792302613539e+00,0.000000000000000000e+00
-2.862490321715946973e-01,-1.068998860605913370e-01,0.000000000000000000e+00
-1.010493915555604749e+00,5.890992891026194389e-01,0.000000000000000000e+00
-8.940326366623335685e-01,7.967552294679010050e-01,0.000000000000000000e+00
-5.007303176691233482e-01,8.139956651563241552e-01,0.000000000000000000e+00
-4.775136041110360496e-01,1.226500286144184049e+00,0.000000000000000000e+00
6.470312735588910069e-01,5.217652231029893395e-01,0.000000000000000000e+00
-1.541816423173002271e+00,-7.836297718350833108e-01,0.000000000000000000e+00
-1.471206745967749363e+00,-7.169373668671473743e-01,0.000000000000000000e+00
1.657095447660873910e+00,-1.559757311802877577e+00,0.000000000000000000e+00
-5.756992586726394912e-01,5.230588395635046850e-02,0.000000000000000000e+00
1.428659739587201605e+00,-3.823760580427049693e-01,0.000000000000000000e+00
-1.066851825935924980e+00,3.770362468661619393e-01,0.000000000000000000e+00
-1.535087289357826013e-01,-1.173506122711859723e+00,0.000000000000000000e+00
1.753836496480932983e+00,2.439849535109552270e-01,1.000000000000000000e+00
-2.221945981844877238e-01,1.960645983623468536e-01,0.000000000000000000e+00
-9.829009204817633627e-01,1.006740498651793381e+00,0.000000000000000000e+00
-7.493270138411967096e-02,1.373821546088900947e+00,0.000000000000000000e+00
-2.502786924735836749e+00,-9.785759288067009676e-01,0.000000000000000000e+00
-5.116944081904462038e-01,-1.060004564590731446e+00,0.000000000000000000e+00
-2.048699172565681792e+00,-4.494213719049792166e-01,0.000000000000000000e+00
6.991453221754917458e-01,8.622426874336924785e-01,0.000000000000000000e+00
1.307709604840811446e+00,-9.700566846797654963e-02,0.000000000000000000e+00
2.229973653941125455e+00,2.039770970465580646e+00,1.000000000000000000e+00
-2.499798605785621852e+00,5.188808513353359020e-01,0.000000000000000000e+00
-1.083444423474348994e+00,1.649953481677323974e-01,0.000000000000000000e+00
-1.319517946890961912e+00,1.038640611559622506e+00,0.000000000000000000e+00
-1.277406495998767433e+00,9.112976298746126858e-02,0.000000000000000000e+00
-1.461291693934887448e+00,1.396904963352032070e+00,0.000000000000000000e+00
1.577975071338260094e-01,-1.889216893427271837e-01,0.000000000000000000e+00
1.288388733287554988e+00,-1.844657226699007557e+00,0.000000000000000000e+00
-7.995001687194585038e-01,7.384010232076381186e-01,0.000000000000000000e+00
-6.768350488066733339e-01,3.573642922666577237e-01,0.000000000000000000e+00
-4.752139618791367814e-01,-9.954336760241373483e-01,0.000000000000000000e+00
-1.780298589267625076e+00,-3.325082368695788659e-01,0.000000000000000000e+00
-1.929736057341686628e+00,-4.941053693486948117e-01,0.000000000000000000e+00
-5.350716011821199380e-02,-5.685405393771033600e-01,0.000000000000000000e+00
-5.923518234524016712e-01,-1.547231145330878188e-01,0.000000000000000000e+00
-2.795900742792068350e+00,1.450547466286702392e+00,0.000000000000000000e+00
-7.890120349177454084e-02,6.615845881027394848e-02,0.000000000000000000e+00
-1.171410426835321150e+00,6.976883106602355111e-02,0.000000000000000000e+00
-1.963307819028021539e+00,-3.177324336625722556e-02,0.000000000000000000e+00
1.239967238153324436e+00,6.383661394322213134e-01,0.000000000000000000e+00
-5.340000169581944345e-01,-7.169308946156147666e-01,0.000000000000000000e+00
-3.180644537650068604e-01,-3.186217591407664584e-01,0.000000000000000000e+00
2.197396956289042746e-01,-1.148865394816331209e+00,0.000000000000000000e+00
8.215651796545091479e-01,-3.521604545617409432e-01,0.000000000000000000e+00
1.827901962658351698e+00,2.256715626830539723e+00,1.000000000000000000e+00
-3.370993219504211380e-01,-6.982676100010906106e-01,0.000000000000000000e+00
-2.548582074931118324e+00,1.455323366679905028e+00,0.000000000000000000e+00
-1.810231419054506574e-01,1.610416229749676853e-01,0.000000000000000000e+00
5.368938210963327684e-01,-9.272923580080999484e-01,0.000000000000000000e+00
-1.460260792000927177e+00,-5.157252155939250349e-01,0.000000000000000000e+00
-6.632915339993499249e-01,-4.086103421276064407e-01,0.000000000000000000e+00
-5.882764561602878972e-01,9.643893263497752000e-02,0.000000000000000000e+00
-2.035809169149413567e+00,1.243497185977226582e+00,0.000000000000000000e+00
-1.297872716473156718e+00,-1.850098179228826689e+00,0.000000000000000000e+00
-9.987437873837421431e-01,-5.404298662521515029e-01,0.000000000000000000e+00
-3.254363631343122343e+00,6.968266093638694203e-01,0.000000000000000000e+00
6.472760436294071607e-01,-2.950810041753557100e-01,0.000000000000000000e+00
2.341999943180576693e+00,2.203067043282878945e+00,1.000000000000000000e+00
-1.482868170893708593e+00,-2.851180135857512288e-01,0.000000000000000000e+00
-1.705497852553237159e+00,5.574881614744328084e-01,0.000000000000000000e+00
-1.122679942807778719e+00,-7.991943367673199905e-01,0.000000000000000000e+00
-2.490091707056877546e+00,-7.421625324813566627e-01,0.000000000000000000e+00
-8.925015467638526268e-01,2.206458453974657619e-01,0.000000000000000000e+00
-4.082062703632893252e-01,5.908736096512173797e-01,0.000000000000000000e+00
-9.619587166080789675e-02,6.456682381813212412e-01,0.000000000000000000e+00
-4.192991991567148191e-01,1.544376273994963800e+00,0.000000000000000000e+00
1.556917444101868497e-02,1.575622193423336537e+00,0.000000000000000000e+00
-7.388379177161957800e-01,-3.747646454414338968e-01,0.000000000000000000e+00
3.831885160202244123e-01,-6.115292342381632995e-01,0.000000000000000000e+00
-2.229808550072233331e+00,-2.181416517771418706e-01,0.000000000000000000e+00
1.616917487870211945e+00,5.671766825631003872e-01,0.000000000000000000e+00
-9.640124642424261481e-01,3.442958619144123600e-01,0.000000000000000000e+00
-1.453925007767690403e+00,1.274962639610637272e-01,0.000000000000000000e+00
7.783546227859516886e-02,-1.791303684775060745e-01,0.000000000000000000e+00
-1.358208203990242113e+00,1.444904696049239989e+00,0.000000000000000000e+00
5.336716132764651732e-03,9.260560652391391923e-01,0.000000000000000000e+00
1.575635190026043686e+00,5.974408128192060241e-01,0.000000000000000000e+00
-2.902220968389790934e-01,-9.083174521469910001e-01,0.000000000000000000e+00
1.510197670437596340e-02,7.665065815701036511e-01,0.000000000000000000e+00
-7.165912853732163690e-01,-9.286266121537876950e-02,0.000000000000000000e+00
2.160696124135656593e+00,1.237421512334126034e-01,1.000000000000000000e+00
-9.390635659412113201e-01,-1.000727922366682066e-01,0.000000000000000000e+00
-3.610068346189594934e-01,1.312046748098388171e+00,0.000000000000000000e+00
-1.310004745070582288e+00,9.097296809651308491e-01,0.000000000000000000e+00
-1.182143786603229607e+00,-6.894478843635688525e-01,0.000000000000000000e+00
-2.763026423169094928e-02,2.065744998308021996e-01,1.000000000000000000e+00
4.679995268889536320e-01,-7.641371283167892881e-02,0.000000000000000000e+00
5.768600371079244393e-01,-8.345237612470874922e-01,0.000000000000000000e+00
-1.186882753589923567e+00,-4.509122086293928522e-01,0.000000000000000000e+00
-1.446640315967093082e+00,6.019067126639983389e-02,0.000000000000000000e+00
-1.448325378218164650e+00,-6.167013188828808223e-01,0.000000000000000000e+00
7.814033556882891141e-01,-3.998584387176591370e-01,1.000000000000000000e+00
-6.588027590560293634e-01,5.693261492024723758e-01,0.000000000000000000e+00
1.496257673372265451e+00,8.942735292489472076e-01,1.000000000000000000e+00
-1.038113646891708486e+00,-5.396876646673272049e-01,0.000000000000000000e+00
9.800993305791936283e-01,9.244394664623223346e-02,0.000000000000000000e+00
-1.414586977514189936e+00,-2.020090977276979838e-01,0.000000000000000000e+00
-1.856209202145689297e+00,-5.120178860849898816e-01,0.000000000000000000e+00
1.697681037331937537e+00,-3.338334092271028619e-01,1.000000000000000000e+00
-3.154379778356675157e-01,6.879485203575566414e-03,0.000000000000000000e+00
1.622678234466829794e+00,1.051218809812082267e-01,0.000000000000000000e+00
-1.214604475067418754e+00,-3.354402838836303413e-01,0.000000000000000000e+00
1.491466930158957538e-01,2.380571112322698857e-01,1.000000000000000000e+00
7.690471189403169650e-01,-4.534626631770363181e-01,0.000000000000000000e+00
3.810548367758985755e-01,1.222633369833289851e+00,0.000000000000000000e+00
-2.124239423529717952e-01,1.233143185137338227e+00,0.000000000000000000e+00
-5.413234998146609911e-01,1.835630115219790914e+00,0.000000000000000000e+00
-5.213263011569665428e-01,1.019305924469653846e+00,0.000000000000000000e+00
3.672371771710005728e-01,1.013081186720085958e+00,0.000000000000000000e+00
-1.640317042086266053e+00,4.775783744211160586e-01,0.000000000000000000e+00
-1.530871548759748624e+00,1.361285495497963349e-01,0.000000000000000000e+00
