x,y
-2.962289356619335123e+00,-2.237432022483346883e-01
-2.939661474563866062e+00,-6.081982470229904680e-02
-2.917038168466994819e+00,-1.975077488927091673e-01
-2.794854248439481825e+00,2.798582146392371017e-01
-2.787304505310999048e+00,-2.274310986720379235e-01
-2.669208287027230675e+00,1.970421487046064568e-01
-2.625983911617824518e+00,5.173812245418792921e-01
-2.437422368196724420e+00,-3.344200628696654132e-01
-2.318828185885424276e+00,-2.083580608126811562e-02
-2.309920519965444896e+00,2.100226441861921534e-02
-1.905935822103893784e+00,-6.036956166479547914e-01
-1.823696494886137831e+00,-8.421474618906393816e-01
-1.736143023917292805e+00,-9.992331115931568641e-01
-1.542414629656388314e+00,-1.045722314056648949e+00
-1.184310006750277200e+00,-1.554813785243194246e+00
-1.061781020433170131e+00,-1.340650704020362571e+00
-9.981359010590129532e-01,-1.499925266561365156e+00
-9.099795688842824415e-01,-1.128947354479693521e+00
-6.521602741109657764e-01,-8.511165302287631018e-01
-5.903402337258998323e-01,-1.214124940835218824e+00
-5.873547486417434182e-01,-1.039914370154262135e+00
-3.372910854039901096e-01,-5.540361144554322159e-01
-1.974397669447980341e-01,-5.112577906300119768e-02
-1.727621509647396802e-01,-3.194037500596922929e-01
1.388708945007066653e-02,-2.135199268001028161e-01
7.419310281982749444e-02,3.465142931039090213e-01
2.685674137208353685e-01,2.410749819884557832e-01
3.186025613025316172e-01,6.614159662924702365e-01
5.381964200266089460e-01,1.232376068768460842e+00
6.417151777804723789e-01,8.235290099269665376e-01
7.216938441885332178e-01,1.524785004671433297e+00
9.749180658102729602e-01,1.602893708969177045e+00
1.046037129049050662e+00,1.322043770495363368e+00
1.127921006706330775e+00,1.374755027934473572e+00
1.170846591072053355e+00,1.069279367028044714e+00
1.210243598822340338e+00,1.251228333964214956e+00
1.399242895177832846e+00,1.406777129245057711e+00
1.551277851211579684e+00,1.000440183075423040e+00
1.580496441775553373e+00,1.029554987361594121e+00
1.600643867982754598e+00,1.128705886196525121e+00
1.626551616360457198e+00,1.031734749394483064e+00
1.679507886850936549e+00,1.183154751677714112e+00
1.710409035625269469e+00,1.305731395679841089e+00
1.783116805718327758e+00,4.597870169014079411e-01
1.831819423224491539e+00,9.950997461281356760e-01
1.874125520120063282e+00,3.779310606278464824e-01
1.972069472363521259e+00,6.636938950380233404e-01
2.011916110396756885e+00,3.940076145964622745e-01
2.035261341369366761e+00,3.694919494982586983e-01
2.212180962577827259e+00,4.230587286907023792e-01
2.287797283665691683e+00,6.351433223991741484e-01
2.399705337601238497e+00,4.606036545558331308e-01
2.498994813782045910e+00,1.561432444820820553e-02
2.540953677503045682e+00,-1.616887859771880542e-01
2.642176861441391633e+00,-5.186280874894147463e-02
2.679356887684384070e+00,3.669694216890308919e-02
2.759615468941400973e+00,1.410865673514403729e-01
2.863926578330051598e+00,6.605496975016121597e-02
2.875091668786704524e+00,2.312310780821260070e-01
2.960448257258292415e+00,4.220751209118392411e-01
