x1,x2
-3.248830168736902113e+00,-7.758316713368289541e-01
-2.132046894550129412e+00,-1.168771018403582218e+00
-3.547951464917990183e+00,-1.307775915802057876e+00
-2.657030079243458243e+00,-8.587411516526843869e-01
-1.765328021909719824e+00,-8.229735907476837253e-01
-1.761603117355205805e+00,-3.111368269242637541e-01
-1.074473066731853166e+00,-5.672781989134910718e-01
-1.955798254305221917e+00,-8.786185969988823397e-01
-1.831064176696281631e+00,-1.275963894456910719e+00
-2.622520738708080668e+00,-6.852849980163240318e-01
-2.059271212384788274e+00,-1.051475034118399154e+00
-2.975653543256857603e+00,-6.241712971084293349e-01
-1.308780214832327760e+00,-1.142045709165225187e+00
-2.265568499199401842e+00,-1.259625897284835983e+00
-2.320321651442107669e+00,-6.434977260756042927e-01
-2.671238075658460165e+00,-5.732171472830471792e-01
-2.583351414202749385e+00,-1.469459714622590507e+00
-2.262205053054979320e+00,-8.110801070334801022e-01
-5.182096056992898658e-01,-1.187681031248184915e+00
-2.318252055001957412e+00,-5.790326869179277525e-01
-3.321932662611103204e+00,-7.571252181983160190e-01
-3.311582772079048276e+00,-1.420675265235193274e+00
-2.712093932978429489e+00,-7.830685260499631317e-01
-2.224504918953604804e+00,-1.249770369120995372e+00
-1.986142464012951470e+00,-7.759362460798785444e-01
-2.666974933551646387e+00,-9.777742937630862219e-01
-2.286816838050230505e+00,-6.570399968169068350e-01
-2.149981529159481042e+00,-7.604628713257801653e-01
-1.826479023459723239e+00,-1.137542906510685681e+00
-1.705477319890220445e+00,-1.072824427093465038e+00
-1.225455615400053100e+00,-6.424851626901045831e-01
-1.510953447259317572e+00,-9.862757057789968140e-01
-1.542574802003637835e+00,-1.346291700836081073e+00
-2.565684504991452730e+00,-1.467996854720585276e+00
-2.200483669297888412e+00,-1.215399380980822563e+00
-9.434774226279286635e-01,-1.150605560548032757e+00
-2.154340271960995867e+00,-7.061633442334906974e-01
-3.651191592076008519e+00,-1.148635047637072137e+00
-1.183573907015229576e+00,-1.272624769732501049e+00
-1.839187206043250145e+00,-2.231513201487644524e-02
-1.977159692726029760e+00,-1.844879747266220837e+00
-1.368395660110002687e+00,-3.312060448113982036e-02
-1.260514056245791492e+00,-1.322056945511211223e+00
-2.253503302817921661e+00,-1.046124462435960245e+00
-2.079415048213021144e+00,-5.497387270592708486e-01
-2.760379031273634709e+00,-8.109615576206629095e-01
-2.431919221414171162e+00,-8.736580465714642862e-01
-2.541475122775268325e+00,-4.340471601865044105e-01
-1.207194480049582630e+00,-8.910570824559541636e-01
-1.936750430688476410e+00,-1.787833813659096327e+00
-9.411160847013465558e-01,-9.837783950737333249e-01
-1.933937090737961384e+00,-1.070531013331949222e+00
-2.457558861836914854e+00,-4.500416609510058397e-01
-1.081591137067412278e+00,-9.605845336897139708e-01
-2.393322461343874163e+00,-1.028213880785732171e+00
-1.377443580690499214e+00,-7.275008255301821380e-01
-2.258635791801065107e+00,-7.783687425860773557e-01
-2.267830537681766678e+00,-5.190622878764553638e-01
-5.879813246674203686e-01,-9.066322405961868558e-01
-1.217473316010140749e+00,-1.471302695802385152e+00
2.351861167502830030e-01,2.361638392438103029e+00
-4.453662665191157055e-01,1.059680416753383980e+00
1.299008022724394307e+00,1.693232355679848311e+00
-1.104972498026568939e+00,1.790770741736256166e+00
6.888723431479204518e-01,2.905991860645471103e+00
1.585418885992921689e+00,2.214006660051709652e+00
1.089039980862529511e+00,1.346942274772217729e+00
-1.277583000294726379e-01,2.724893539003715670e+00
-1.630418395196248094e-01,1.056178067161593903e+00
3.874840796023180101e-01,3.303118610530876520e+00
1.079765171997407958e+00,2.948388866044771905e+00
5.175396975599169114e-01,2.321911522145886142e+00
5.606303818554250196e-01,1.481349989972468473e+00
4.915522163344433482e-01,1.215567888752245862e+00
8.581168877697304964e-01,2.874499118818240273e+00
-1.713247567438429542e-01,6.999664666393602408e-01
7.687025598713171926e-01,1.195304715064364531e+00
1.190691246514414825e+00,1.140999045795310751e+00
1.058228733333330229e+00,1.926125280079735269e+00
6.367596349246418264e-01,1.187817239707267492e+00
9.688128931312510739e-01,3.245304223520419029e+00
2.629021460453636605e-01,1.911130015396287796e+00
3.795655949504767035e-01,1.339027635864844523e+00
-3.032255818579474571e-01,2.348652515052950918e+00
5.449490848858744574e-01,1.042187235813586854e+00
4.801489933006279354e-01,2.421317116490748766e+00
1.087329807143490035e+00,2.328225224551419448e+00
7.525742279677646307e-01,2.131224312711124114e+00
-6.753206065650652068e-02,2.080172497533325782e+00
1.265128431440290635e+00,2.408331347261686073e+00
8.798070452853241630e-01,3.141262369992144698e+00
5.765240661624715379e-02,2.123687726771921636e+00
2.900443460201803103e-01,2.976530038646697296e+00
1.057112375127815973e+00,3.351301770572363559e+00
1.028266544428901419e+00,2.722006325379731528e+00
7.265376832736272217e-01,2.986749736564038749e+00
-1.743493298830250948e-01,2.736383065086967825e+00
1.048724486216480623e+00,5.229652874691054221e-01
-1.090884443204032106e-01,1.996817868116980810e+00
5.913363104410283011e-01,2.419402106710924816e+00
5.354712545296029802e-01,2.797642195814135757e+00
-1.517911866945423904e-01,2.075639461108455652e+00
7.542689198982421850e-02,2.635680887883351531e+00
-2.144243400808548694e-01,9.964445859070006906e-01
7.616475431550868702e-01,2.194844223923021254e+00
1.038624705619310529e+00,2.344340366110543528e+00
8.863865481019852499e-01,3.540065497914806958e+00
3.587484236287629136e-01,2.398066005985379778e+00
1.018336909223859443e+00,2.778216584650486265e+00
2.274025733696760088e-01,2.693616128485125660e+00
2.333015726447886240e-01,2.161281779629054434e+00
3.458007551074075980e-01,6.011482531982149657e-01
6.798596348550972612e-01,1.631822292615667802e+00
4.789241358063739407e-02,2.115651241410842154e+00
-6.004956351868517839e-02,2.468988567058123529e+00
-9.639308133240787058e-02,3.244180517385203188e+00
5.745117948169701227e-01,2.247642861919850521e+00
6.445109721379371770e-01,1.855735145928219865e+00
4.711584831112617944e-01,2.814620994115901276e+00
1.114457927281625071e+00,1.254998554072434214e+00
3.056249383928351993e+00,4.702755339127037693e-01
2.346329741721250972e+00,3.963913046940969465e-01
1.956869490313411397e+00,-1.400908720471884424e-02
2.015309110379809088e+00,-6.408447215636188243e-01
2.769107517313211364e+00,-4.245008908223649735e-01
2.528124257649009277e+00,-1.823223825454194091e-01
2.409973133407184331e+00,-4.267275634556532138e-01
1.622892473314003992e+00,-3.560003315384192013e-01
3.360059200784084155e+00,-6.096137173076239257e-01
2.182206607530426279e+00,-7.758176469586668400e-01
1.628338484441535172e+00,-3.435314120565204354e-01
3.413161223259231214e+00,-6.694758949889463573e-02
2.299183576534909346e+00,-5.441275334319688461e-01
2.410211502796101968e+00,-4.701600010881826219e-02
3.107914101089461756e+00,3.530503900621972391e-01
2.275854939020687251e+00,4.268052671839170920e-01
1.594037921289697124e+00,-6.611252441558879145e-01
2.645983069637117158e+00,2.123055925700860214e-01
1.462273563881131944e+00,-7.447012899522273965e-01
3.044150921296026713e+00,-2.167696494140224778e-02
1.434642378877897917e+00,-3.999624488077830331e-01
2.727852760653564967e+00,2.929429634192661641e-02
3.205479359979607867e+00,-9.028134781427836764e-01
2.558130687597937936e+00,-2.710627316537557729e-01
1.984279916883570971e+00,-1.785512988542642954e-01
3.374618342497655021e+00,7.987386763382357813e-02
1.544234656261631367e+00,-6.219887945686927155e-01
2.289092807948005959e+00,-3.875795961623696440e-01
1.414356620574849233e+00,3.296328942509046955e-02
1.816922304734954086e+00,-3.903839785892636582e-01
1.833702477337646464e+00,-1.972127431755626714e-01
2.941537510605531924e+00,-6.454697569654264111e-01
2.458064401054129267e+00,-4.262932397304477483e-01
1.147537677083611429e+00,-7.649758035146491109e-01
2.080948771757657578e+00,-5.025488676042589864e-01
2.480737317717102375e+00,-6.252421935789277407e-01
1.263210015345872295e+00,-1.365125301458690044e-01
2.381671197621221481e+00,1.896113274432706386e-01
2.913131757500578622e+00,3.230811565180027878e-01
1.327121602806805134e+00,-3.380904579809865806e-01
3.937861704034119281e+00,-1.063148747557064899e+00
2.566876356142346438e+00,-7.006930249057546911e-01
3.374112648176591289e+00,-6.010816095708361173e-01
2.505357583149661060e+00,-8.678445937602660698e-02
2.843892949005727644e+00,-1.256068695096806520e+00
1.375256307610659867e+00,-1.896902285714076875e-01
4.286104939959961002e-01,-2.314332642428083564e-01
3.136040129267951837e+00,-4.100328573128591558e-01
2.997698589495967347e+00,-1.056649296013551842e+00
2.550811850138085646e+00,3.710559238546998762e-01
2.355911858686840610e+00,3.219375312027993874e-01
3.229606346464453548e+00,-6.560276649602918564e-01
2.297252373139780257e+00,4.420785531370765437e-02
3.442155582911615497e+00,-2.332640109069454223e-02
1.502852361862029085e+00,-8.572505307620427173e-01
2.814853478872032078e+00,-5.363571650593155216e-01
1.655781775975577075e+00,4.370965483395801154e-01
1.945845877666771973e+00,-1.597948679425267166e-02
2.485527006168917641e+00,-7.478348856079131135e-01
2.139814725753582447e+00,-7.159071236577677633e-01
